claim_id,claim,source,source_link,trust_label,caveat,decision_supported,required_action,owner_lane,stale_date,board_ready,status
CLAIM-001,Q3 requires acceleration: $670K / +54.5% YoY.,OKR diagnostic / Q3 projection,/tx-dashboards/okr-diagnostic.html,Source-backed,Target basis comes from current OKR diagnostic; official finance reconciliation still useful.,Explains urgency without making Friday finance-only.,Keep in current read; refresh with Rose before leadership/board use.,Rose,2026-07-18,No,Use with caveat
CLAIM-002,"July is directionally pacing well, but still needs caveats.",OKR diagnostic / Jul 1-13 operating read,/tx-dashboards/okr-diagnostic.html,Directional,Same-day normalized; Axerrio inclusion/exclusion and date basis must remain visible.,"Use as positive signal, not proof the strategic problem is solved.",Rose to refresh July-to-date and explicitly label Axerrio in/out.,Rose,2026-07-16,No,Needs Rose refresh
CLAIM-003,Fee growth has benefited from monetizing existing value; durability still depends on growing more digital GMV.,Current read + driver decomposition request,/tx-dashboards/tx-strategy-v2/current-read-data-backing.html,Interpretation,Needs Rose decomposition of volume vs rate/mix/API/pricing/Axerrio before stronger use.,Frames why short-term monetization cannot replace BUY/LIST/SELL/GROW learning.,Rose to produce driver decomposition with permanence tags.,Rose,2026-07-18,No,Needs backing pack
CLAIM-004,"Durable TX growth requires growing ecosystem GMV, especially wholesaler-to-retailer GMV, moving repeat transactions online, and reducing leakage.",Facu-approved strategy language + ecosystem map,/tx-dashboards/reports/ecosystem_map.html,Strategic canonical,Layer sizing still needs Rose freshness/trust labels before board-style use.,Defines the long-term strategy: GMV -> Digital GMV -> Monetize.,Keep as strategy framing; attach metric spine when Rose refreshes.,Socrates + Rose,2026-07-22,No,Approved framing
CLAIM-005,Digitalization is not a product-only problem; it must be learned through BUY -> LIST -> SELL -> GROW.,Facu-approved strategy language,/tx-dashboards/tx-strategy-v2/index.html,Strategic canonical,Initiative pages still need owner validation and lead-list sharpening.,"Keeps Friday focused on execution, learning, blockers, and next actions.",Use in stakeholder comms; do not attach final lead lists without owner validation.,Socrates,2026-07-22,Yes,Approved framing
CLAIM-006,K2K fee language must not use the old double-charge framing.,Dave correction noted in OKR/current read,/tx-dashboards/tx-strategy-v2/current-read-data-backing.html,Correction noted,Needs canonical propagation across legacy L2/flywheel pages.,Prevents the BUY narrative from using incorrect fee mechanics.,Nahua/Codex to quarantine or patch old contradictory pages.,Nahua + Codex,2026-07-18,No,Needs canonical cleanup
CLAIM-007,Rate catches help Q3 but create future durability risk.,OKR diagnostic / rate catch calendar,/tx-dashboards/okr-diagnostic.html,Inferred,"Timing inferred from monthly take-rate changes, not contract records.",Explains why hitting Q3 does not mean the strategic issue is solved.,Rose/finance to validate rate-change dates and expiry risk.,Rose,2026-07-18,No,Use with caveat
CLAIM-008,Offline GMV is a real opportunity signal but not board-ready as currently defined.,Where Are We / ecosystem map,/tx-dashboards/reports/where_are_we.html,Not board-ready,"Offline definition, dirty rows, caps, account exclusions, and date basis need reconciliation.",Supports discovery around LIST/SELL without overstating TAM.,Rose to publish metric spine and board-readiness flag.,Rose,2026-07-18,No,Evidence only
CLAIM-009,"Lead lists are suggested starting points, not assigned execution targets.",V2 review readiness + weekly action queue,/tx-dashboards/tx-strategy-v2/weekly-action-queue.html,Owner validation needed,"CS/Implementation owners must validate account facts, priority, and next action.",Avoids forcing Cata/Christine into bad or unapproved account asks.,Use lead filters/signals for review; promote only after owner acceptance.,Mercurio + Pablito,2026-07-17,No,Needs owner validation
