group,lane,owner,unit,account,target_status,worked_status,metric_status,leading_status,learning_status,next_question,next_action,help_needed,trust,source,source_link
Implementation,Commercial Readiness,Christine,Implementation account,MAIN WHOLESALE FLORIST LLC / NJ Clifton Location,Current wholesaler implementation target,Worked / Go-Live and Growth,30-day usage metrics pending Rose,Procurement motion live / status from Christine note,Need to learn whether buy/list/sell path exists after go-live,Are they buying digitally and listing useful supply after go-live?,Add to Christine weekly scorecard,30-day procurement purchases / online sales / product usage pull,Directional Slack-sourced,Christine implementation note,/tx-dashboards/tx-strategy-v2/friday-prefill.html
Implementation,Commercial Readiness,Christine,Implementation account,Price's Floral Wholesale LLC,Current wholesaler implementation target,Worked / live and on-site next week,Procurement adoption known; incremental vs channel shift unresolved,30 Blitz connections Apr 27; started buying in Procurement within 1 hour,Standing orders and offline purchase migration are the learning gap,What portion is incremental vs eShop/procurement channel shift vs offline movement?,Track pre/post Apr 27 procurement/eShop/offline and first 30-day Core usage,Rose mini-read and Christine call context,High directional / needs Rose verification,Pablito channel digest + Christine Slack,/tx-dashboards/tx-strategy-v2/friday-prefill.html
Implementation,Commercial Readiness,Christine,Implementation account,Mayesh Wholesale Florist Inc,Starting this week / wholesaler queue,Not yet worked in TX board,30-day implementation usage pending,Multilocation Core upsell starting,Need to separate strategic/API learning from implementation usage,Which branch/motion is in scope for implementation usage?,Keep in Implementation queue; do not treat as simple Growth candidate,Branch scope and product usage pull,Directional,Christine implementation note,/tx-dashboards/tx-strategy-v2/friday-prefill.html
Implementation,Commercial Readiness,Christine,Implementation account,"Quinlan-Wasserman, Inc",Starting this week / eSuite Wholesaler,Not yet worked in TX board,30-day implementation usage pending,eSuite Wholesaler kickoff/start signal,Need to learn first BUY/LIST/SELL path,What products/features should they use first to create value?,Add to weekly implementation scorecard,Go-live date + product usage + online sales first 30 days,Directional,Christine implementation note,/tx-dashboards/tx-strategy-v2/friday-prefill.html
Implementation,Commercial Readiness,Christine,Implementation account,Tennessee Florist Supply - Knox,Starting this week / eSuite Wholesaler,Not yet worked in TX board,30-day implementation usage pending,eSuite Wholesaler kickoff/start signal,Need to learn first BUY/LIST/SELL path,What buying/listing action should happen before sales motion?,Add to weekly implementation scorecard,Go-live date + product usage + online sales first 30 days,Directional,Christine implementation note,/tx-dashboards/tx-strategy-v2/friday-prefill.html
Implementation,Commercial Readiness,Christine,Implementation account,Penn Valley Flora LLC,Starting this week / eSuite Wholesaler,Not yet worked in TX board,30-day implementation usage pending,eSuite Wholesaler queue signal,Need to learn first BUY/LIST/SELL path,What blocks becoming commercially ready within 30 days?,Add to weekly implementation scorecard,Go-live date + product usage + online sales first 30 days,Directional,Christine implementation note,/tx-dashboards/tx-strategy-v2/friday-prefill.html
Implementation,Commercial Readiness,Christine / Valentina,Implementation account,JFS Wholesale Floral,Target / implementation-growth bridge,Worked / Valentina raised as e-commerce experiment,Metrics show huge offline base and weak online behavior in local run,Weekly specials digitalization; eCommerce delayed until inventory accurate,Need to learn if inventory accuracy and supply list are gating growth,Can weekly specials become a measurable online sales motion?,Prepare supply/client/traffic analysis before late-July eCommerce expert meeting,Supply revision / client revision / competitor analysis / traffic tactics,Medium / local data + Fathom,Channel digest + Black Belt run,/tx-dashboards/tx-strategy-v2/suggested-leads.html
Implementation,Commercial Readiness,Christine / Implementations,Implementation account,Pampa Products,Implementation watch,Worked / Jul 8-10 calls,No TX movement metric yet,Go-live blocked on Easy Handshake directory submission; eCommerce delayed to August,Need to learn if missing inventory blocks sell-side readiness,What minimum inventory/supply has to be ready before eCommerce launch?,Track as blocker row not Growth candidate,Directory submission + inventory status,Directional,Fathom call digest,/tx-dashboards/tx-strategy-v2/friday-prefill.html
Implementation,Commercial Readiness,Christine / Implementations,Implementation account,Baisch & Skinner,Implementation watch,Worked / Jul 9 touchbase,No TX movement metric yet,Procurement blocked by PO traceability issue,Need to learn if product blocker prevents digital buying,What workaround or product fix unblocks procurement adoption?,Route blocker to product/implementation with owner/date,PO traceability blocker details,Directional,Fathom call digest,/tx-dashboards/tx-strategy-v2/friday-prefill.html
Implementation,Commercial Readiness,Christine / Implementations,Implementation account,Sims Flowers,Implementation watch + Growth candidate overlap,Worked / Jul 9 implementation call,Online share exists in candidate run; current implementation metric pending,Labeling / multilocation pricing / cross-docking work,Need to learn if operational issues block list/sell readiness,Is Sims ready for refine/growth or still implementation blocked?,Keep row in both implementation watch and growth candidate review,Current product usage + online buyer repeat pull,Medium / mixed sources,Fathom digest + Black Belt run,/tx-dashboards/tx-strategy-v2/suggested-leads.html
CS,BUY / LIST,Cata / CS,Account,Veldkamp's / Bellcamps,CS touched / strategy discussion,Worked / Cata + Santi call,Metric needs account-specific data; Bellcamps procurement signal noted,Future Availability / buying better / eShop adoption tactics discussed,Need to learn how buyer-side value and list quality change behavior,Which accounts are buying enough and which need supply/list readiness before marketing?,Use as CS play design example; do not generalize without account rows,Procurement gap analysis + Mayesh/Komet comparison,Directional,Fathom digest,/tx-dashboards/tx-strategy-v2/suggested-leads.html
CS,BUY,Cata / CS,Account,We Got Flowers,CS/commercial touched / blocker case,Worked / Craig-Mateo-Felipe thread,Metrics show procurement and offline gap in local run,42+ K2K connections; pricing/surcharge/bundle blocker signal,Need to learn why online buying/listing is not happening despite product value,Is the blocker pricing trust, surcharge setup, product usage, or supply list?,Use as BUY blocker learning; not Growth candidate,Procurement cost accuracy + first repeat online buyer,Medium / local data + Slack,Channel digest + Black Belt run,/tx-dashboards/tx-strategy-v2/suggested-leads.html
CS,BUY,Cata / CS,Connection / account,FCS quick wins: New England / ANIC / First Choice / Oklahoma Flower Market,CS/contacted lead pool,Worked by Mateo / pipeline shared,Metric pending account-level pull,19 FCS accounts ranked in 4 tiers; quick wins named,Need to learn which quick wins have real buying/listing intent,Which of these have active buyer/supplier motion and near-term call?,Add to CS target account validation list,Account-level connection / procurement / online sales pull,Directional,Channel digest,/tx-dashboards/tx-strategy-v2/suggested-leads.html
CS,BUY,Cata / CS,Account,Northwest,CS/contacted lead pool,Worked / stalled FCS context,Metric pending account-level pull,Stalled; regaining control over FCS; Rob managing relationship,Need to learn whether relationship or product/usage blocks progress,Is this a live TX opportunity or relationship recovery only?,Validate before adding to weekly target accounts,Owner/current status from CS,Directional,Channel digest,/tx-dashboards/tx-strategy-v2/suggested-leads.html
CS,BUY / Commercial Readiness,Cata / Christine,Implementation account,Springfield Florist Supply,Upcoming implementation / CS signal,Monitor / implementation starts Jul 20,Metric pending after start,Hard Goods module; $550K/mo sales; 81% CC from digest,Need to learn first buying/listing/selling path post-implementation,Can this become an early commercial readiness example?,Add to implementation/CS watchlist for first 30 days,Go-live + product usage + transaction read,Directional,Channel digest,/tx-dashboards/tx-strategy-v2/friday-prefill.html
CS,BUY,Cata / CS,Buyer-supplier pair,Ensign Wholesale Flower Market <> Coquette Roses,Easy Handshake recent connection,New / Jul 9 connection,No transaction movement yet,Connection #18802 approved by Coquette,Need to learn if recent EH connections convert faster than old ones,What follow-up turns this approved connection into first transaction?,Add to recent connection watchlist,Connection status + first order tracking,High directional,Easy Handshake channel digest,/tx-dashboards/connections.html
GROW,Growth Program,Facu,Account,Zeidler Floral,Core growth candidate,Not yet approved in Q3 board,17.4% online share; 35 online buyers from candidate run,Strong best-in-class proof point; supply quality still proxy,Need to learn what can be refined/amplified and what is transferable,Approve as first measured play or keep as study?,Review with account owner; define cohort/message/metric,Champion + L90D repeat + traffic/funnel pull,Medium-high / local data,Black Belt candidate run,/tx-dashboards/tx-strategy-v2/black-belt-operator.html
GROW,Growth Program,Facu,Account,Maple Grove Floral,Core growth candidate pending verification,Not yet worked in Q3 board,30.3% online share; 56/91 online buyers from candidate run,Strong online buyer signal; operational simplicity/champion unknown,Need to learn whether high online share is repeatable playbook,Is this a real core candidate or data-only candidate?,Verify location/champion before execution,Location/champion + repeat buyer pull,Medium / local data,Black Belt candidate run,/tx-dashboards/tx-strategy-v2/black-belt-operator.html
GROW,Growth Program,Facu,Account,Floristcentric LLC,Core growth/refine candidate pending verification,Christian scheduling context; not worked in Q3 board,7.2% online share; 38 online buyers; 124 online categories from candidate run,Broad supply and offline upside but willingness unknown,Need to learn if this is ready for refine or still diagnosis,What is current owner/champion and next conversation?,Confirm Christian 1:1 and account context,Champion + branch/account current status,Medium / local data + DM context,Black Belt candidate run,/tx-dashboards/tx-strategy-v2/black-belt-operator.html
GROW,Growth Program,Facu,Account,Metropetals,Core refine candidate pending verification,Not yet worked in Q3 board,8.6% online share; 15/50 online buyers from candidate run,Manageable buyer base; unknown champion and funnel,Need to learn if repeat buyer motion exists,Does current online base repeat and can we amplify it?,Park until willingness/owner verified,L90D repeat + owner source,Medium-low / local data,Black Belt candidate run,/tx-dashboards/tx-strategy-v2/black-belt-operator.html
Strategic,One Client One Plan,Cata + Facu,Strategic account,Dreisbach,Confirmed strategic diagnostic account,Worked historically / Black Belt deep dive exists,Visible eCom weak; WV branch data missing,SEO/FedEx/supply learning; multi-location exception,Need to learn what data/workflow blocks the account plan,What is the next conversation and what metric proves movement?,Keep full-stack plan; do not fragment into separate initiative asks,WV data + branch mapping + call learnings,Medium / account file,Account plan,/tx-dashboards/tx-strategy-v2/account-plans.html
Strategic,One Client One Plan,Cata + Facu,Strategic account,Kennicott,Confirmed strategic account,Not a simple core lead,Large online and procurement base; branch-level gap pending,Multi-location strategic exception; units/list opportunity likely branch-specific,Need to learn where branch-level buy/list/sell bottleneck is,Which branch/customer conversation comes first?,Keep as strategic plan not CS generic lead,Branch-level supply/online/offline pull,Medium / candidate run,Black Belt candidate run,/tx-dashboards/tx-strategy-v2/account-plans.html
Strategic,One Client One Plan,Cata + Facu,Strategic account,Bill Doran Company,Confirmed strategic account,Cata working BD,Large procurement/eCommerce base; online share low in candidate run,Multi-location strategic exception; one full-stack plan needed,Need current status from Cata before showing as execution row,What is Cata's current BD account plan and next customer conversation?,Owner validation required before Friday status,Current account facts + next action from Cata,Directional / needs owner,Facu confirmation + candidate run,/tx-dashboards/tx-strategy-v2/account-plans.html
Product,Product Enabler,Maga,Product blocker / feature,Future Availability / in-transit / bunch uploads,Enabler tied to BUY/LIST,Not an account row until blocker attached,Metric depends on feature usage by account,Feature utilization is the key leading indicator,Need to learn whether current features solve real account blockers,Which accounts are blocked by missing/unused future availability or bunch uploads?,Only bring to Friday if attached to account + pilot + KPI,Feature usage pull by account,Directional,Strategy feedback,/tx-dashboards/tx-strategy-v2/list-supply-readiness.html
