Company,Company ID,Business Type,Christine GMV,Christine Source,External Est Low,External Est Mid,External Est High,Confidence,Methods,Notes
AD TRADING CORP DBA AD FLORAL TRADING,665296,Wholesaler,,not in Christine cascade,2000000,3000000,4500000,Low,headcount: 5-9 emp x $375K + aggregator floor: $1M x4,"Aggregator says $1M rev - treat as floor (x4 = $4M). 5-9 employees x $375K = $1.9-3.4M. Single Doral FL location, B2B wholesale. Closed per Yelp Jan 2025 - may be inactive. Flag for verification."
ALLIANCE FLORAL COMPANY,664719,Wholesaler,,Sin dato,3000000,5000000,7000000,Low,location: 1 hub Carlsbad CA x $5M,Located in Carlsbad International Floral Trade Center. San Diego secondary metro. Supplies SD County florists and event designers. No employee count found. Single hub.
Allied Cut Flower,643672,Wholesaler,,not in Christine cascade,2000000,3500000,5000000,Medium,headcount: 9 emp x $375K + location: 1 hub Cleveland x $4M,"Family-owned, est 1991, single location on Carnegie Ave Cleveland. 9 employees. Serves Northeast Ohio retail florists. Cleveland secondary metro. $9 x $375K = $3.4M. Consistent with single-hub secondary market estimate."
"Alpha Fern Company, LLC",743681,Wholesaler,,Sin dato,15000000,22000000,30000000,Medium,headcount: 50-65 emp x $375K + production: 33M leatherleaf stems + other,"Grower-shipper, 250+ acres, 78 varieties. Sells 33M leatherleaf stems/yr + 1.6M tree fern. At $0.55-0.65/stem wholesale, leatherleaf alone ~$18-21M. ~60 employees x $375K = $22.5M. National distribution. High-volume commodity greens operation."
"American Floral Cargo/Splendor Proteas, LLC",295299,Importer,,not in Christine cascade,3000000,6000000,10000000,Low,business model: Miami cargo consolidator,Two entities: American Floral Cargo = Miami-based cargo consolidator/logistics from Ecuador/Colombia (est ~8yrs). Splendor Proteas = specialty protea importer. Combined entity unclear. No employee count. Logistics model = lower GMV than traditional importer.
BAYSTATE FARM DIRECT FLOWERS - CRANSTON,651277,Wholesaler,,Sin dato,12000000,18000000,25000000,High,location: 4 hubs x $5M + headcount: 29 emp x $375K,"New England's largest full-service floral distributor per own description. 4 locations, 80+ years. Cranston RI is one of 4 hubs. 29 employees total (may be per location or total - unclear). Method A: 4 hubs x $5M = $20M. Method B: 29 x $375K = $10.9M. Midpoint ~$18M reasonable for regional leader."
BRIEGER WHSLE -TX,655098,Wholesaler,,Sin dato,1000000,2000000,3000000,Medium,headcount: 4 emp x $375K + aggregator: $640K x4,Aggregator says $640K rev - floor. 4 employees x $375K = $1.5M. San Antonio secondary market. 40+ year family business. PPP loan data consistent with small operation. Single location.
BlossomR,734065,Wholesaler,,not in Christine cascade,,,,No data,,"No public presence found under 'BlossomR'. Searched LinkedIn, web, industry directories. Company may be newly registered, DBA, or operate under different name. Needs internal Koronet data to proceed."
CALI WHOLESALE.-CA,664988,Wholesaler,,not in Christine cascade,3000000,5000000,7000000,Low,location: 1 hub Carlsbad CA x $5M,"Located at 5858 Dryden Pl, Carlsbad CA (International Floral Trade Center). Access for licensed florists/event pros only. Hours 5am-1pm M-F. Single location. No employee count found. SD county secondary metro."
CHICAGO'S WHOLESALE,731381,Wholesaler,,Sin dato,800000,1500000,2500000,Medium,headcount: 4 emp x $375K + aggregator: $240K x4,"Boutique-style wholesaler, women-owned, 25+ years. Buzzfile: 4 employees, ~$240K rev - aggregator floor. 4 x $375K = $1.5M. Chicago major metro but boutique model caps upside. Small operation."
Cataleya Flowers D&A,735300,Wholesaler,,Sin dato,,,,No data,,"Multiple retail 'Cataleya Flowers' found (Spring Valley CA, Philadelphia PA, OKC OK) but none match 'D&A' as wholesale entity. Company ID 735300 may be a recently onboarded account with minimal web presence. Needs internal Koronet lookup."
DC FLOWERS DIRECT,590728,Wholesaler,,not in Christine cascade,,,,No data,,"CONFIRMED CLOSED as of February 27, 2026. Operations concluded; customers redirected to DVFlora. GMV = $0 going forward. Flag for removal from active account list."
DKAY WHOLESALE INC,732518,Wholesaler,,Sin dato,1500000,2500000,4000000,Medium,headcount: 6 emp x $375K + location: 1 hub Jacksonville x $4M,"30+ year family business. Full-service wholesaler (cut flowers, greens, hardgoods). 6 employees. Jacksonville secondary metro. Delivery radius 45 miles. ZoomInfo: 1-10 emp. 6 x $375K = $2.25M. Jacksonville is mid-tier market."
"Esprit Salt Lake, Inc",664623,Wholesaler,,not in Christine cascade,2000000,3500000,5000000,Low,location: 1 hub Salt Lake City x $4M,"Est 1989, family-owned. Sources direct from top growers worldwide. Serves florists, grocery stores, corporate events, wedding coordinators. Single SLC location. No employee count. SLC = secondary metro."
Exclusive Wholesale,716166,Wholesaler,,Sin dato,,,,No data,,No match found for 'Exclusive Wholesale' as a floral company. Common name returns generic results. Needs Koronet internal data for address/website to proceed.
FALL RIVER WHOLESALE,652793,Wholesaler,,not in Christine cascade,25000000,35000000,50000000,High,headcount: 150 emp x $375K + facility: 130K sqft,"Largest direct importer in New England/NY per own description. Est 1947. 130,000 sqft facility. 150 employees (one source; another says 26 - use higher given facility size). RocketReach: $28.7M rev. 150 x $375K = $56M high but facility + import volumes support large scale. $35M mid reasonable."
FLEURIGROS QUEBEC 1995 INC.,670423,Wholesaler,,not in Christine cascade,5000000,8000000,12000000,Low,facility: 43 cold-room doors + aggregator: <$5M floor x3,Leading Quebec City distributor of cut flowers + accessories. 43 cold room doors = significant capacity. ZoomInfo: <$5M (aggregator floor). Quebec City = mid-tier Canadian market. No employee count found.
FLORIAD- MONTREAL CANADA INC.,670450,Importer,,not in Christine cascade,20000000,35000000,55000000,Medium,import records: 1513 shipments + market position: Canada's largest per own claim,"Est 1985, 'Canada's most reputable importer' per own description. 1,513 import shipments total, 10 trading partners. Montreal = major Canadian market. Imports from Colombia primarily. No employee count found. Large import volumes justify upper range estimate for Canadian market."
FLOWERS OF NASHVILLE,664019,Wholesaler,,Sin dato,3000000,5000000,7000000,Low,location: 1 hub Nashville x $5M,"Located at 851 Visco Dr, Nashville TN. Nashville = growing major metro. No employee count found. Single hub. Nashville is rapidly growing market but limited signals found."
"FMI, LLC.-FL",664540,Wholesaler,,not in Christine cascade,3000000,6000000,10000000,Low,market position: Miami importer/distributor 20+ years,"FMI Farms - family-owned wholesale importer/distributor, 20+ years, Miami International Airport area (2153 NW 86th Ave, Doral). Ships nationwide. No employee count. Aggregator rev $770K = extreme floor for Miami importer. RocketReach estimate unreliable."
Florabundance.,664314,Wholesaler,,Sin dato,3000000,5000000,7000000,Medium,headcount: 18 emp x $375K + aggregator: $961K x4,"Direct-ship wholesale, fresh cut flowers + foliage. 18 employees. Aggregator $961K = floor. RocketReach confirmed 18 emp. 18 x $375K = $6.75M. Ships nationally (not local delivery model). Carpinteria CA grower-adjacent. E-commerce model so $375K/emp may understate. $5M mid is conservative."
Floral Cooperative Purchasing Group LLC,37745,Wholesaler,,not in Christine cascade,2000000,4000000,6000000,Low,location: 1 hub Baltimore area x $4M,"Wholesale floral distributor, Baltimore area. Website: weshook.com. No employee count found. Cooperative purchasing model may indicate smaller GMV but pooled buying power."
Floral Importers and Distributors Inc. /Buds,670311,Wholesaler,,not in Christine cascade,8000000,15000000,25000000,Low,market position: NY Metro importer/distributor + team experience: 90+ combined years,"BUDS Floral: est 1992, moved to larger Northvale NJ facility. Serves NY Metro area florists, wedding designers, supermarkets. No employee count. NY Metro = major market. 'Global sourcing' model. Single DC serving dense market."
"Floramix, Inc.",561518,Importer,,not in Christine cascade,5000000,8000000,12000000,Medium,aggregator: $5-10M range + headcount: 5-9 emp x $700K (importer rate),"Manta: $5-10M revenue, 5-9 employees. Miami importer. At importer rate ($700K-1.2M/US employee): 7 emp x $1M = $7M. Aggregator range $5-10M consistent. Mid $8M reasonable."
Florisert,699974,Grower,,not in Christine cascade,2000000,5000000,10000000,Low,business model: Peru export grower,"Peruvian grower/exporter of limonium, wax flowers, foliage, ranunculus, anemones, mimosa, hydrangeas. Year-round supply. No employee count or revenue found. Estimate based on typical Andean medium grower export volumes."
"Flowers by Fudgie, Inc",665316,Wholesaler,,not in Christine cascade,500000,1000000,1500000,Low,business type: appears retail not wholesale,"WARNING: Yelp/LinkedIn shows as retail florist, not wholesale. Full service florist est 1981, Sarasota FL. If misclassified as Wholesaler in Koronet, GMV will be overstated. Retail florist estimate only."
Full Pot - Ft. Lauderdale,642076,Wholesaler,,Sin dato,5000000,8000000,12000000,Medium,headcount: 11-50 emp x $375K + market position: South Florida since 1999,"Trusted South FL wholesale distributor since 1999. LinkedIn: 11-50 employees. Serves Miami, Fort Lauderdale, Pompano Beach, Boca Raton. 25 emp x $375K = $9.4M. Major South Florida market."
GOMEZ B.V.,600370,Importer,,not in Christine cascade,,,,No data,,No public data found for 'GOMEZ BV' as flower importer. Dutch BV entity. Needs KVK (Dutch chamber) lookup or import record search. Likely small-to-mid Dutch trader given BV structure.
Gassafy Wholesale Florist Inc,654566,Wholesaler,,Sin dato,4000000,6000000,9000000,Medium,headcount: 17 emp x $375K + aggregator: $6.2M,"Family-owned, 50+ years. Fort Wayne IN secondary market. ZoomInfo: 17 employees, $6.2M rev. 17 x $375K = $6.4M. Aggregator $6.2M unusual reliability - may be a source that has actual data. Consistent signals."
"Global Bouquet, LLC",529514,Importer,,not in Christine cascade,,,,No data,,No public data found under 'Global Bouquet LLC'. Miami importer area likely given company ID. Needs import record search (ImportYeti/Panjiva) or internal Koronet address data.
Greens and Flowers Connection,321907,Importer,,not in Christine cascade,2000000,4000000,7000000,Low,import records: 46 US shipments since 2019,"Florida-based importer. 46 shipments to US since Sep 2019 (Datamyne). Low shipment count suggests small-to-mid importer. No employee count, no website found."
Guamito S.A.S NIT 900116641-5,166363,Grower,,not in Christine cascade,8000000,15000000,25000000,Medium,import records: 5610 shipments + location: Rionegro Antioquia Colombia,"Colombian exporter, 5,610 total shipments (very high volume). Top US partner: Americana Inc. Also ships to Legacy Flowers (Miami). Multiple addresses (farm + Bogota office). High shipment count indicates large production. Colombian carnation/rose farm."
HALL'S - BIRMINGHAM,713789,Wholesaler,,Sin dato,3000000,5000000,8000000,Low,location: 1 hub Birmingham AL x $4M + history: est 1947,"Est 1947, B2B only (not open to public). Birmingham secondary metro. Hall's seems to be a 2-location Alabama operation (Birmingham + Theodore). No employee count for Birmingham location specifically."
HARDIN'S WHLSE - LIBERTY,651216,Wholesaler,,Sin dato,15000000,22000000,30000000,High,headcount: 50-99 emp x $375K + facility: 100K sqft + 285K sqft greenhouse,"Major operation: 100K sqft warehouse, 3100 sqft cut flower cooler, 285K sqft greenhouse on 6 acres. 14,000+ items, 3,825 flower varieties. 50-99 employees. Wholesale-only (trade). 75 emp x $375K = $28M. Facility size supports upper range. Strong High confidence."
Hall's Wholesale Florist Theodore,664341,Wholesaler,,not in Christine cascade,5000000,8000000,12000000,Low,location: 2 hubs (Birmingham + Theodore) x $4M each,"Hall's Wholesale Mobile serves Mobile AL area for ~20 years, 105 years total in Alabama. 2 locations confirmed (Birmingham + Theodore). Mobile/Theodore = secondary market. No employee count."
Hartford Florist Supply,670508,Wholesaler,,Sin dato,4000000,7000000,10000000,Low,location: 1 hub Bloomfield CT x $5M + history: 75+ years,75+ year Connecticut wholesale distributor. Serves New England floral professionals. Partners with South American farms + Canada + Asia. Single Bloomfield CT location. Hartford secondary metro.
Hyperactive Farms Inc.,806417,Importer,,Sin dato,1000000,3000000,5000000,Low,business model: specialty small-batch importer,"Online-first specialty importer. Small-batch, novelty varieties. Flies flowers to nearest airport or ships to FL. Model suggests small/medium operation. No employee count or revenue found."
JOHNSENS WHOLESALE FLORIST,652199,Wholesaler,,Sin dato,4000000,6000000,9000000,Medium,headcount: 11-50 emp x $375K + location: 1 hub Beaumont TX x $4M,Family-owned. LinkedIn: 11-50 employees. Single location Beaumont TX (secondary market). 25 emp x $375K = $9.4M. Beaumont is smaller Texas market - downward adjustment. FMCSA: has trucking registration = delivery fleet.
Jacksonville Flower Market,651200,Wholesaler,,Sin dato,1500000,3000000,5000000,Low,location: 1 hub Jacksonville FL x $4M + 2000 sqft walk-in cooler,"Est 2018, only FL wholesale open to public. 2000 sqft walk-in cooler. Sells by stem and bunch. Also does weddings/events/classes. Relatively new, smaller operation. Jacksonville secondary market. Public access model = lower B2B GMV."
KD & Company,469713,Wholesaler,,not in Christine cascade,5000000,8000000,12000000,Low,location: 2 remaining hubs (Louisville KY + Wheeling IL) x $4M each,Est 2008. Richmond VA and Raleigh NC locations acquired by DVFG Oct 2025. Now 2 remaining: Louisville KY + Wheeling IL. Serves retail florists + event designers. No employee count. Midsize regional.
KRUEGER WHOLESALE PROMO,731091,Wholesaler,,not in Christine cascade,15000000,22000000,30000000,High,headcount: 60 emp x $375K + facility: 120K sqft + service: 7-state Midwest,One of largest floral distributors in Midwest. Est 1963. 120K sqft corporate HQ + distribution center. Own logistics (KW Transit). Serves 7 states. 60-62 employees. 60 x $375K = $22.5M. Scale of facility + multistate reach supports upper range.
LD Trading/ Lawrence Developments Inc.,652551,Wholesaler,,Sin dato,4000000,7000000,10000000,Low,facility: 18K sqft Northbrook IL + location: 1 hub Chicago metro x $5M,"30+ years in industry. 18,000 sqft state-of-art facility, Northbrook IL. Direct from farms worldwide. Chicago major metro. Supply + design components. No employee count."
LIHML INC Fayetteville,654758,Wholesaler,,Sin dato,800000,1500000,2500000,Medium,headcount: 4 emp x $375K + aggregator: $258K x4,"LIHMIL Wholesale Flowers, est 2010, 820 Tom Starling Rd Fayetteville NC. 4 employees, $258K aggregator rev (floor). 4 x $375K = $1.5M. Fayetteville small market. Very small operation."
Lone Star Flower Market,476379,Wholesaler,,not in Christine cascade,12000000,20000000,30000000,High,"location: 3 hubs (Houston, Dallas, Tyler) x $5M each + headcount: 51-200 emp","3 confirmed locations (Houston, Dallas, Tyler). Houston + Dallas = major metros. ZoomInfo: 51-200 employees, revenue $5-20M. Lone Star Bloom related: $9.6M. Est 2020 but rapid growth. 3 x $6M (major metro average) = $18M. 100 emp x $375K = $37.5M high end."
"Lucas and Greer, Inc. dba L & G Wholesale Florist",727605,Wholesaler,,Sin dato,15000000,25000000,40000000,Medium,market: 200+ shops Houston/Galveston + headcount: 20-49 emp x $375K + aggregator: $50-100M,Est 1987. Largest wholesaler in Houston/Galveston area. 200+ floral shops served. Manta aggregator says $50-100M rev - this is likely VERY overstated. 35 emp x $375K = $13M. Houston major metro. Adjust to $25M mid given market dominance.
M&M CUT FLORA,651574,Wholesaler,,Sin dato,4000000,7000000,10000000,Medium,location: 1 hub Denver CO x $5M + acquisition: Mayesh Jun 2026,"Acquired by Mayesh effective June 12, 2026. Previously: Denver-based wholesale, Rocky Mountain region. M-F delivery to Denver metro + Front Range. Now operates as Mayesh Denver branch. Denver = major metro. Pre-acquisition GMV estimate."
MAGNOLIA HOLDINGS 301 LLC ABSOLUTELY BEAUTIFUL FLOWERS,664494,Wholesaler,,Sin dato,,,,No data,,"No match found for this entity. 'Magnolia Holdings 301 LLC' + 'Absolutely Beautiful Flowers' combined name suggests DBA. No web presence found. Needs Koronet internal data (address, phone) for identification."
MAHONEYS ROCKY LEDGE FARM &,670554,Wholesaler,,not in Christine cascade,10000000,20000000,35000000,Low,location: 7 Massachusetts garden centers,"Mahoney's operates 7 Massachusetts garden centers (primarily retail/garden center, not traditional wholesale florist). Farm stand + flower shop + nursery. FTD/Teleflora delivery. If wholesale component is portion of 7 locations, GMV much lower. WARNING: May be primarily retail/garden center, not wholesale florist. Classification needs verification."
"MRS. BLOOM'S DIRECT, INC.",731558,Wholesaler,,Sin dato,3000000,6000000,10000000,Low,headcount: 7-11 emp x $700K (importer rate) + market: NYC area importer,"Fresh flower importer, est 2003. NYC area (Elmsford NY). Offices in NYC, Ecuador, Bangkok. Direct from global farms. ZoomInfo: 7 employees. NYC metro = major market. Importer rate $700K-1.2M: 7 emp x $1M = $7M. 11-50 emp range from other source adds uncertainty."
McCarthy Wholesale,701220,Wholesaler,,not in Christine cascade,10000000,18000000,30000000,Medium,location: 25+ locations + headcount: 49-82 emp x $375K,Family Flowers / McCarthy Group Florists. 25-30 locations across 10 states. Family owned since 1952. GrowJo: $5.7-7.5M rev (aggregator - treat as floor). 60 emp x $375K = $22.5M. But McCarthy appears retail-oriented despite wholesale classification. Mix of retail/wholesale. Significant scale.
Metropolitan Wholesale/Cityside Flowers,733807,Wholesaler,,Sin dato,6000000,10000000,15000000,Medium,location: 2 hubs NJ x $5M each + facility: 3000 sqft cooler + 6000 sqft plants,"Est 1996. 2 NJ locations (Saddle Brook + River Edge). Bergen County NJ = NYC metro adjacent. 3000+ sqft cooler, 6000 sqft plant showroom. Serves florists, garden centers, landscapers, interior designers. NYC metro = major market. No employee count."
"Mideast Flowers Distributors, Inc.",665027,Wholesaler,,not in Christine cascade,1000000,2000000,3500000,Medium,headcount: 6 emp x $375K + aggregator: $1.2M x3,Washington NC (small market). 6 employees. D&B: $1.2M rev. Buzzfile confirms small scale. 6 x $375K = $2.25M. Rural Eastern NC market. Small operation.
"Mikes Finest Wholesale Flowers, Inc.",664255,Wholesaler,,not in Christine cascade,5000000,8000000,12000000,Medium,headcount: 20-26 emp x $375K + aggregator: $3.2-9M range,Atlanta premier wholesale. Est 1996. Norcross/Atlanta. 20-26 employees. ZoomInfo: $9M high. Buzzfile: $3.2M low (floor). 23 x $375K = $8.6M. Atlanta = major metro. Mid $8M supported by both methods.
NORTHWEST WHOLESALE FLORIST,729666,Wholesaler,,Sin dato,3000000,5000000,8000000,Medium,headcount: 13 emp x $375K + location: Seattle hub x $5M,"Seattle-based wholesale. 13 employees (ZoomInfo 2025). Bulk flowers, plants, supplies to local businesses only (wholesale-only). Seattle = major metro. 13 x $375K = $4.9M. Single location."
NYC FLORAL GREENS,592615,Wholesaler,,not in Christine cascade,2000000,4000000,7000000,Low,market: Brooklyn + Miami presence,Wholesale operation with presence in Brooklyn NY and Miami FL. 65+ rose varieties. Pay-on-delivery model. NYC market is major but limited signals on scale. No employee count.
Ontario Flower Growers Cooperative Ltd.,676861,Wholesaler,,not in Christine cascade,30000000,50000000,80000000,Medium,"market: 150+ growers, clock auction + marketplace + location: Mississauga ON",Est 1972. Cooperative with 150+ growers. Central facility Mississauga. Clock auction + online sales + OFG Marketplace. Largest Ontario flower cooperative. Toronto area = major Canadian market. Cooperative throughput model (multiple growers' product flowing through) = high GMV per facility.
"POPPIES DESIGN STUDIO, LLC",665443,Retailer,,Sin dato,200000,500000,1000000,Low,,Retail florist / design studio. Procurement tier. Limited signals. Typical single-shop retail range.
POSIES TRUCK,664944,Retailer,,Sin dato,100000,300000,500000,Low,,Mobile retail florist (truck). Very small operation by nature of business model. Low GMV.
POTOMAC WHSLE,654661,Wholesaler,,not in Christine cascade,5000000,8000000,12000000,High,headcount: 35 emp x $375K + aggregator: $4M,Est 1998. DC/Mid-Atlantic market. 35 employees (ZoomInfo 2026). Revenue ~$4M aggregator. 35 x $375K = $13.1M. Aggregator $4M is floor. DC metro = major market. Exclusive distributor for Ecuadorian rose farms + imports from 10 countries.
"Palm Beach Whsle Flowers, Inc.",675363,Wholesaler,,Sin dato,500000,1500000,3000000,Medium,headcount: 4-19 emp x $375K + aggregator: $110K,"Est 2012. West Palm Beach FL. Aggregator $110K = extreme floor. Online + nationwide shipping model. ZoomInfo: 19 employees (high signal), Manta: 5-9. 10 emp x $375K = $3.75M. Online model may cap local B2B. Small operation."
Penn Valley Flora,739329,Wholesaler,,Sin dato,,,,No data,,"No public web presence found under 'Penn Valley Flora' as wholesale florist. Could be very new, DBA, or local-only operation. Needs Koronet internal address data."
Petals Direct,620160,Wholesaler,,not in Christine cascade,,,,No data,"LinkedIn: exists, minimal data","LinkedIn page exists for Petals Direct but no public company data (employees, revenue, location) found. No website discovered. Needs internal Koronet data or direct LinkedIn lookup."
Promoflor SRL,734521,Wholesaler,,not in Christine cascade,3000000,6000000,10000000,Low,import/export: Italy to EU + Asia markets,"Italian grower/exporter. Est 1998. Sanremo = Italy's flower capital. Exports eucalyptus, ruscus, Mediterranean species, ranunculus, anemones, mimosa, genisteae. Markets: EU, Russia, Norway, Japan, S Korea, China. Creditsafe EU registered. Likely Italian SME exporter."
"R&W WHOLESALE, INC.",650536,Wholesaler,,Sin dato,500000,1000000,2000000,Low,aggregator: $191K x4 + headcount: 1 emp,"Very small operation. D&B: $191K rev, 1 employee. Est 2000 Birmingham AL. This is an extreme floor for any wholesale operation. May be home-based or part-time. Very small GMV."
Royal Flower Import Group Inc.,327132,Wholesaler,,not in Christine cascade,3000000,6000000,10000000,Low,market: Toronto wholesale since 1991,Est 1991. Toronto-area wholesale distributor of premium cut flowers. Specialty: roses. Serves finest flower shops and designers in Toronto. Toronto = major Canadian market. No employee count or revenue data found.
"Royal Flowers Inc, International",33986,Importer,,not in Christine cascade,15000000,30000000,50000000,Low,farm: 120 hectares Ecuador,Royal Flowers Group: 120+ hectares (296 acres) Ecuador greenhouses at high altitude. Global distributor of Ecuadorian roses. Large farm scale. No US staff headcount. Revenue estimate based on typical large Ecuador grower-exporter scale.
"STRANGE'S FLORIST, INC.",670668,Wholesaler,,not in Christine cascade,10000000,18000000,28000000,Medium,headcount: 33-100 emp x $375K + revenue: $9.6-21.3M aggregator,"One of Virginia's largest greenhouse growers + one of largest retail garden centers in US. 2 locations (West Broad + Mechanicsville). Zippia: $21.3M rev, 33 emp. GrowJo: $9.6M. 66 emp x $375K = $24.8M. Primarily retail/garden center with wholesale component. May not be full wholesale GMV."
San Antonio Flower CO,664201,Wholesaler,,Sin dato,3000000,5000000,8000000,Low,location: 1 hub San Antonio x $4M + history: est 1999,"Est 1999, European-style flower market. Self-service model. Wholesale pricing to licensed businesses. 60+ years combined experience in founders. San Antonio = major metro. No employee count found."
Sofia Flowers USA LLC,38477,Importer,,not in Christine cascade,10000000,20000000,35000000,Medium,import records: 211 bills of lading + market: supermarket + e-commerce distributor,Est 2010. Miami HQ (2200 NW 70th Ave). Multiple DCs nationally with direct farm flights. Targets supermarket chains + e-commerce retailers. 211 bills of lading Dec 2020-Apr 2026. B2B importer/distributor model. Significant scale for supermarket supply.
Specialty Cut Flowers,665425,Grower,,not in Christine cascade,,,,No data,,"Generic name - no specific company identified. Multiple US growers use this descriptor. Needs Koronet internal data (address, contact) to identify correct entity."
Staalduinen Floral-LTF1118,655382,Wholesaler,,Sin dato,7000000,10000000,15000000,High,headcount: 31 emp x $375K + aggregator: $10M,50+ year Canadian wholesaler. 31 employees (ZoomInfo). $10M revenue (ZoomInfo 2026). 31 x $375K = $11.6M. Serves most of Ontario + Eastern Canada. 26K sqft greenhouse. Two consistent signals converge.
Star Roses,734327,Importer,,not in Christine cascade,,,,No data,,Website staroses.com found (QA dept mentioned). Not to be confused with Star Roses and Plants/Conard-Pyle (plant nursery). No employee or revenue data for this specific entity. Needs Koronet address data.
TFS Bristol,664054,Wholesaler,,Sin dato,8000000,15000000,22000000,Low,"location: 3 TFS locations (Bristol TN, Knoxville TN, Roanoke VA) + history: est 1953","Tennessee Florist Supply, est 1953. 3 locations: Bristol TN, Knoxville TN, Roanoke VA. Serves East TN, SE KY, NC, SC, WV, VA. Daily local delivery. 'Americana Inc.' parent company. Secondary/tertiary markets. 3 x $5M = $15M."
TWI SON HARRISON WHOLESALE FLORAL,731457,Wholesaler,,not in Christine cascade,1000000,2500000,4000000,Medium,headcount: 5-9 emp x $375K + revenue: $1-5M aggregator,"Harrison Wholesale Floral, 610 N Hancock Ave, Odessa TX. Est 1977, Ron Harrison president. D&B: $1-5M rev. 5-9 employees. 7 x $375K = $2.6M. Odessa = small West Texas market. Small operation."
"The Flowerman, Inc.",665232,Retailer,,not in Christine cascade,500000,1000000,2000000,Low,,Retail florist. Limited signals. Typical retail range estimate only.
Tradewinds / Pristine Wholesale Floral,665261,Wholesaler,,Sin dato,5000000,10000000,15000000,Low,"PPP loan: 75 jobs retained, $550K loan","Field of Flowers Inc DBA Tradewinds Wholesale Florist. PPP 2020: 75 jobs retained, $550K loan. Davie FL (Broward County). 75 employees x $375K = $28M high - but PPP may overclaim. Delivery twice daily Dade, Broward, S Palm Beach. South FL major market. 'Pristine Wholesale Floral' may be related or different entity."
Tradewinds/ KING FLORAL SUPPLY,664648,Wholesaler,,Sin dato,5000000,10000000,15000000,Low,history: King's since 1948,"King's Wholesale Florists: since 1948, large catalog of fresh flowers + greens + supplies. Relationship with Tradewinds unclear - may be same entity or related. No specific location or employee data found. Needs clarification on company relationship."
UNITED WHOLESALE- FFL  ENTERPRISES,704636,Wholesaler,,Sin dato,2000000,4000000,6000000,High,headcount: 14 emp x $375K + aggregator: $3M,"FFL Enterprises Inc DBA United Wholesale Flowers. Est 2009. San Jose CA (2350 Harris Way). 14 employees, $3M revenue (ZoomInfo). Same-day delivery for orders >$120 in Greater Bay Area + Central Valley. 14 x $375K = $5.25M. Aggregator $3M = floor. Bay Area = major metro."
VELDKAMP'S FLOWERS,670675,Grower,,Sin dato,5000000,10000000,20000000,Low,location: Lakewood CO garden center + farm operations,"3rd generation family, est 1959. Lakewood CO. Mix of: interior/exterior landscaping, garden center, wholesale, greenhouse production. Colorado-grown + sourced from CA/Holland/S. America. Denver market. Multi-business entity - wholesale portion of GMV is subset."
Valle Verde LLC,635167,Importer,,not in Christine cascade,,,,No data,,No public data found for 'Valle Verde LLC' as flower importer. Name is very common. Needs Koronet internal address/contact data to identify correct entity and search import records.
Valley Floral Co. - Wichita,740646,Wholesaler,,Sin dato,8000000,14000000,20000000,Medium,"location: 3 locations (Wichita, OKC, Tulsa) x $4M each + facility: 50K sqft Wichita","Est 1941. 3 locations: Wichita KS corporate, OKC OK, Tulsa OK. 50K sqft warehouse + greenhouse + distribution center. Zippia: 50 employees, $3M (floor). OKC BBB: 26 years in business. 50 x $375K = $18.75M. 3 x $5M = $15M. Secondary markets but strong regional coverage."
Valley Floral Co. of OKC - Oklahoma,740734,Wholesaler,,Sin dato,2000000,4000000,6000000,Low,location: OKC branch (part of Valley Floral 3-location network),"OKC branch of Valley Floral Co. (same corporate entity as Wichita + Tulsa). 301 N Rhode Island Ave Suite 108, Oklahoma City OK 73117. GMV estimated as portion of total Valley Floral operation. OKC secondary market."
Valley Floral Co. of Oklahoma LLC - Tulsa,740696,Wholesaler,,Sin dato,2000000,4000000,6000000,Low,location: Tulsa branch (part of Valley Floral 3-location network),Tulsa branch of Valley Floral Co. (same corporate entity). 7350 E 38th St Tulsa OK. GMV estimated as portion of total Valley Floral operation. Tulsa secondary market.
Vimass Flora S.L.,755509,Importer,,Sin dato,5000000,10000000,18000000,High,"headcount: 10-49 emp + revenue: 2-10M EUR + import records: 768 shipments, 197 suppliers","Spanish importer/wholesaler. 768 import shipments from 197 suppliers (diverse sourcing from Colombia + Ecuador). Infoempresa: 10-49 employees, 2-10M EUR revenue. 3 consistent signals. Strong data for Spanish entity."
Vivofloral,534902,Grower,,not in Christine cascade,,,,No data,,"No public web presence found under 'Vivofloral'. Likely Colombian or Ecuadorian grower given business type. Needs Koronet internal data (country, product) to identify correct entity."
"WB FLORAL GROUP, LLC.-MD",650815,Retailer,,Sin dato,1000000,2500000,5000000,Low,"market: Baltimore MD, since 2020","Est 2020. Baltimore MD. Dutch Direct + Miami Market + Farm Direct sourcing. Despite 'Retailer' classification, appears to be wholesale/distributor model. Limited public data on scale."
WESTWOOD FLORIST,651344,Retailer,,not in Christine cascade,300000,600000,1000000,Low,,Retail florist. No public data found beyond name. Typical single-shop retail range.
Webb's Wholesale Florist,670701,Wholesaler,,Sin dato,3000000,5000000,8000000,Medium,headcount: 3-11 emp x $375K + aggregator: $5.3M,"76 years in business. Serves WV, VA, OH, KY. Crab Orchard WV (rural). Buzzfile: $5.3M rev. 7 emp x $375K = $2.6M. Aggregator $5.3M may be more reliable given age. Regional wholesaler serving multi-state."
Wellington Florist,640762,Retailer,,Sin dato,300000,600000,1000000,Low,,Retail florist. No public data found. Procurement tier. Typical single-shop retail range.
"Wolfe Wholesale Florist, Inc. Waco",726631,Wholesaler,,Sin dato,2000000,4000000,6000000,Low,location: 1 hub Waco TX x $4M,"Waco TX wholesale florist. Small team (Tom Sr, Tom Jr, Amber, Anna mentioned). Waco = secondary market. No revenue or full employee count found. LinkedIn page exists."
Nexa Flowers Group,831754,Wholesaler,,Sin dato,,,,No data,,No public data found under 'Nexa Flowers Group'. Very new account (high ID number). Needs Koronet internal address data to identify.
Phyto Flowers B.V.,None,Wholesaler,,Sin dato,,,,No data,,No public data found for 'Phyto Flowers BV'. Dutch entity. Needs KVK (Dutch chamber of commerce) lookup. Very limited web presence.
SQ Flora,None,Wholesaler,,Sin dato,2000000,4000000,7000000,Medium,headcount: 1-10 emp + revenue: <$5M + location: Honselersdijk Netherlands,"Dutch-Kenyan flower trader. Located Middel Broekweg 29, Honselersdijk, South Holland. Sources from Holland + Kenya growers. Category management, fixed pricing for events. ZoomInfo: <$5M, 1-10 emp. Small specialist trader."
FM Group B.V./SPA,None,Wholesaler,,Sin dato,300000000,500000000,700000000,High,headcount: 2000 emp worldwide + revenue: 500M EUR (2020) + customers: 25000 in 82 countries,"FM Group is a MAJOR European wholesale/trade company. €500M turnover (2020). 2000 employees, 25,000 customers in 82 countries. 50+ year history. Serves florists, wholesale, retail/e-retail. Flowers + plants + accessories. One of the largest European floral trade companies. If this is the Koronet account, GMV will be enormous."
blooms2go,None,Importer,,Sin dato,2000000,5000000,10000000,Low,business model: 3rd-generation Canadian wholesale,"3rd generation family business, two sisters, Mississauga ON. Online-first model, shipment-ready bouquets, local + global flowers. Canadian market. No employee or revenue data found. Blooms2Go (blooms2go.org) is separate entity."
Komet Sales LLC,None,Wholesaler,,Sin dato,,,,No data,,"NOTE: Komet Sales LLC is the platform provider (Koronet). This account should NOT be in the GMV estimation list - it is the software vendor, not a client. Flag for data quality review."
San Francisco Gardens (L1),None,Wholesaler,,Sin dato,,,,No data,,No match found. 'L1' tag suggests this may be a lead/prospect designation. San Francisco Gardens could be SF Flower Market vendor or garden center. Needs Koronet internal data.
Flower Board - The Financial Company,None,Wholesaler,,Sin dato,3000000,7000000,12000000,Low,import records: found on ImportGenius,Israeli flower company with US import activity. Shipped to John Vena Inc in Philadelphia. ImportGenius records confirm import activity. Financial/factoring model for flower trade. No employee count.
Royal Flowers GmbH,None,Importer,,Sin dato,,,,No data,,No public data found for 'Royal Flowers GmbH'. German entity (GmbH). Needs German Handelsregister lookup. Likely a German importer/distributor.
Bluumii/SoCal Flowers,None,Wholesaler,,Sin dato,8000000,15000000,22000000,Low,"location: 3 hubs (Van Nuys, Downtown LA, Oxnard) x $5M each","Two related entities: SoCal Flowers Inc = 3 warehouses (Van Nuys, Downtown LA, Oxnard/nationwide shipping). Bluumii = subscription/hospitality arm serving Southern CA restaurants/retail. Combined: major Southern CA market. 3 hubs x $5M = $15M. LA is major metro."
Green Valley Floral,None,Wholesaler,,Sin dato,5000000,10000000,18000000,Low,farm: Salinas CA grower-shipper + crops: 150+ acres,"Multi-generation grower-shipper, est 1973. Salinas CA. Grows garden roses, lilies, Gerbera daisies. Ships to wholesalers across US + Canada. 150+ acres cultivated. California major grower. Also: Green Valley Flowers Wholesale (separate entity, San Marcos CA)."
AquaRose,470794,Importer,,not in Christine cascade,5000000,10000000,20000000,Low,"market: 20+ years, Miami logistics + product: 90-200 rose varieties",Ecuadorian rose grower/importer with 20+ years. Miami logistics facility. 90+ varieties (200 on another source). Seasonal + holiday programs. No employee or revenue data. Ecuador grower with US distribution hub model.
Ecoroses - Floropolis,769085,Grower,,Sin dato,,,,No data,,"Floropolis internal farm entity. Facu's own business (Floropolis). GMV should come from internal data, not external estimation."
Flodecol - Floropolis,769099,Grower,,Sin dato,,,,No data,,"Floropolis internal farm entity. Facu's own business (Floropolis). GMV should come from internal data, not external estimation."
Magic Flowers - Floropolis,770224,Grower,,Sin dato,,,,No data,,"Floropolis internal farm entity. Facu's own business. GMV should come from internal data, not external estimation."
Mellano Sales,655985,Grower,,Sin dato,20000000,35000000,55000000,Medium,farms: 375 acres San Luis Rey + 75 acres Carlsbad + locations: 4 distribution hubs,"One of CA's largest wholesale flower growers. Est 1925, 3rd generation. 450+ acres total. 4 distribution hubs: LA Flower Market, SD Floral Trade Center, Orange County, Las Vegas. Major CA producer. No employee count. Grower + wholesale hybrid - high GMV."
Olimpo Flowers Finca,751341,Grower,,not in Christine cascade,,,,No data,,Colombian flower farm (Finca). No public web presence found. Typical Antioquia small-to-mid rose/carnation farm. Needs import records lookup on Panjiva/ImportGenius.
"Littlefloyd Investments, LLC",664133,Retailer,,not in Christine cascade,300000,600000,1200000,Low,,Retail florist. Investment LLC structure suggests multi-unit possible. No public data found. Procurement tier.
CASCADE FLOWERS DBA STADIUM FLOWERS INC,652302,Retailer,,Sin dato,500000,1000000,2000000,Low,,Retail florist. Procurement tier. Stadium/sports venue association may indicate event-driven retail. No public data found.
